{"1630581:1610612741:active_only": {"player_id": "1630581", "gp": 111, "pts": 15.747747747747749, "reb": 8.117117117117116, "ast": 7.648648648648648, "stl": 1.1261261261261262, "blk": 0.5495495495495496}, "1630595:1610612765:active_only": {"player_id": "1630595", "gp": 263, "pts": 22.714828897338403, "reb": 5.47148288973384, "ast": 7.8745247148288975, "stl": 1.1254752851711027, "blk": 0.6692015209125475}, "1631096:1610612760:active_only": {"player_id": "1631096", "gp": 170, "pts": 16.49411764705882, "reb": 8.3, "ast": 2.123529411764706, "stl": 0.6235294117647059, "blk": 2.1705882352941175}, "202695:1610612746:active_only": {"player_id": "202695", "gp": 314, "pts": 24.910828025477706, "reb": 6.43312101910828, "ast": 4.10828025477707, "stl": 1.6624203821656052, "blk": 0.5764331210191083}, "1629627:1610612740:active_only": {"player_id": "1629627", "gp": 262, "pts": 24.091603053435115, "reb": 6.49236641221374, "ast": 4.137404580152672, "stl": 1.0267175572519085, "blk": 0.6297709923664122}, "1630178:1610612755:active_only": {"player_id": "1630178", "gp": 378, "pts": 21.0, "reb": 3.177248677248677, "ast": 4.775132275132275, "stl": 1.0846560846560847, "blk": 0.41534391534391535}, "2544:1610612747:active_only": {"player_id": "2544", "gp": 463, "pts": 26.110151187904968, "reb": 7.697624190064795, "ast": 7.956803455723542, "stl": 1.1403887688984882, "blk": 0.6263498920086393}, "1628389:1610612748:active_only": {"player_id": "1628389", "gp": 623, "pts": 16.014446227929373, "reb": 8.948635634028893, "ast": 3.537720706260032, "stl": 1.07223113964687, "blk": 0.8459069020866774}, "203999:1610612743:active_only": {"player_id": "203999", "gp": 793, "pts": 22.186633039092055, "reb": 11.022698612862547, "ast": 7.411097099621689, "stl": 1.278688524590164, "blk": 0.7225725094577553}, "203081:1610612757:active_only": {"player_id": "203081", "gp": 769, "pts": 25.196358907672302, "reb": 4.230169050715214, "ast": 6.698309492847854, "stl": 0.951885565669701, "blk": 0.3107932379713914}, "1629057:1610612757:active_only": {"player_id": "1629057", "gp": 70, "pts": 6.5, "reb": 6.414285714285715, "ast": 1.042857142857143, "stl": 0.7285714285714285, "blk": 1.5285714285714285}, "1630169:1610612754:active_only": {"player_id": "1630169", "gp": 249, "pts": 18.6144578313253, "reb": 3.746987951807229, "ast": 9.594377510040161, "stl": 1.465863453815261, "blk": 0.6265060240963856}, "1629027:1610612737:active_only": {"player_id": "1629027", "gp": 493, "pts": 25.178498985801216, "reb": 3.4523326572008113, "ast": 9.811359026369168, "stl": 1.0446247464503042, "blk": 0.15212981744421908}, "203468:1610612737:active_only": {"player_id": "203468", "gp": 35, "pts": 18.8, "reb": 3.5428571428571427, "ast": 3.6, "stl": 0.6857142857142857, "blk": 0.2571428571428571}, "1641705:1610612759:active_only": {"player_id": "1641705", "gp": 166, "pts": 22.91566265060241, "reb": 10.903614457831326, "ast": 3.5180722891566263, "stl": 1.1325301204819278, "blk": 3.4759036144578315}, "1629630:1610612763:active_only": {"player_id": "1629630", "gp": 327, "pts": 22.418960244648318, "reb": 4.626911314984709, "ast": 7.425076452599388, "stl": 1.0244648318042813, "blk": 0.28134556574923547}, "1631094:1610612753:active_only": {"player_id": "1631094", "gp": 249, "pts": 22.29718875502008, "reb": 7.349397590361446, "ast": 4.72289156626506, "stl": 0.8112449799196787, "blk": 0.5903614457831325}, "203954:1610612755:active_only": {"player_id": "203954", "gp": 485, "pts": 27.630927835051548, "reb": 10.795876288659795, "ast": 3.6865979381443297, "stl": 0.8907216494845361, "blk": 1.5938144329896908}, "200768:1610612761:all_time": {"player_id": "200768", "gp": 601, "pts": 17.537437603993343, "reb": 4.915141430948419, "ast": 7.116472545757071, "stl": 1.4525790349417638, "blk": 0.324459234608985}, "1630595:1610612765:all_time": {"player_id": "1630595", "gp": 251, "pts": 22.84860557768924, "reb": 5.438247011952191, "ast": 7.964143426294821, "stl": 1.1394422310756973, "blk": 0.6733067729083665}, "1626164:1610612756:all_time": {"player_id": "1626164", "gp": 720, "pts": 24.466666666666665, "reb": 4.033333333333333, "ast": 5.283333333333333, "stl": 0.8611111111111112, "blk": 0.28194444444444444}, "1628369:1610612738:all_time": {"player_id": "1628369", "gp": 585, "pts": 23.562393162393164, "reb": 7.338461538461538, "ast": 3.8341880341880343, "stl": 1.0923076923076922, "blk": 0.6564102564102564}, "1630178:1610612755:all_time": {"player_id": "1630178", "gp": 378, "pts": 21.0, "reb": 3.177248677248677, "ast": 4.775132275132275, "stl": 1.0846560846560847, "blk": 0.41534391534391535}, "2544:1610612748:all_time": {"player_id": "2544", "gp": 294, "pts": 26.935374149659864, "reb": 7.568027210884353, "ast": 6.73469387755102, "stl": 1.663265306122449, "blk": 0.6564625850340136}, "202695:1610612759:all_time": {"player_id": "202695", "gp": 398, "pts": 16.35175879396985, "reb": 6.203517587939698, "ast": 2.2688442211055277, "stl": 1.771356783919598, "blk": 0.7035175879396985}, "1630162:1610612750:all_time": {"player_id": "1630162", "gp": 434, "pts": 24.566820276497698, "reb": 5.28110599078341, "ast": 4.135944700460829, "stl": 1.3341013824884793, "blk": 0.6359447004608295}, "203999:1610612743:all_time": {"player_id": "203999", "gp": 793, "pts": 22.186633039092055, "reb": 11.022698612862547, "ast": 7.411097099621689, "stl": 1.278688524590164, "blk": 0.7225725094577553}, "201939:1610612744:all_time": {"player_id": "201939", "gp": 1060, "pts": 24.85188679245283, "reb": 4.65188679245283, "ast": 6.316981132075472, "stl": 1.5018867924528303, "blk": 0.2632075471698113}, "1628969:1610612752:active_only": {"player_id": "1628969", "gp": 146, "pts": 16.698630136986303, "reb": 3.541095890410959, "ast": 3.8219178082191783, "stl": 1.143835616438356, "blk": 0.6575342465753424}, "1629651:1610612751:active_only": {"player_id": "1629651", "gp": 367, "pts": 10.66757493188011, "reb": 7.623978201634878, "ast": 2.0599455040871937, "stl": 0.7166212534059946, "blk": 1.6321525885558583}, "1629639:1610612748:active_only": {"player_id": "1629639", "gp": 380, "pts": 19.481578947368423, "reb": 4.96578947368421, "ast": 4.028947368421052, "stl": 0.7315789473684211, "blk": 0.2026315789473684}, "1642851:1610612766:active_only": {"player_id": "1642851", "gp": 63, "pts": 19.3015873015873, "reb": 5.396825396825397, "ast": 3.4285714285714284, "stl": 0.746031746031746, "blk": 0.25396825396825395}, "203110:1610612744:active_only": {"player_id": "203110", "gp": 932, "pts": 8.684549356223176, "reb": 6.837982832618025, "ast": 5.594420600858369, "stl": 1.3133047210300428, "blk": 0.9860515021459227}, "201939:1610612744:active_only": {"player_id": "201939", "gp": 1065, "pts": 24.832863849765257, "reb": 4.654460093896714, "ast": 6.31830985915493, "stl": 1.4995305164319248, "blk": 0.26384976525821596}, "1629008:1610612751:active_only": {"player_id": "1629008", "gp": 50, "pts": 24.2, "reb": 7.04, "ast": 3.12, "stl": 1.04, "blk": 0.24}, "1628378:1610612739:active_only": {"player_id": "1628378", "gp": 249, "pts": 26.730923694779115, "reb": 4.570281124497992, "ast": 5.253012048192771, "stl": 1.5301204819277108, "blk": 0.357429718875502}, "1642271:1610612762:active_only": {"player_id": "1642271", "gp": 134, "pts": 9.902985074626866, "reb": 6.432835820895522, "ast": 2.0522388059701493, "stl": 0.7910447761194029, "blk": 0.3805970149253731}, "1630596:1610612739:active_only": {"player_id": "1630596", "gp": 317, "pts": 16.589905362776026, "reb": 8.908517350157728, "ast": 3.0441640378548898, "stl": 0.832807570977918, "blk": 1.5993690851735016}, "1627759:1610612738:active_only": {"player_id": "1627759", "gp": 659, "pts": 19.79969650986343, "reb": 5.4795144157814875, "ast": 2.840667678300455, "stl": 1.0136570561456753, "blk": 0.38239757207890746}, "1630552:1610612737:active_only": {"player_id": "1630552", "gp": 240, "pts": 13.725, "reb": 7.254166666666666, "ast": 3.816666666666667, "stl": 0.9916666666666667, "blk": 0.6083333333333333}, "1642270:1610612757:active_only": {"player_id": "1642270", "gp": 126,