{"203999:1610612743": {"player_id": "203999", "gp": 647, "pts": 25.0, "reb": 11.7, "ast": 8.0, "stl": 1.3, "blk": 0.7}, "201939:1610612744": {"player_id": "201939", "gp": 849, "pts": 24.8, "reb": 4.7, "ast": 6.5, "stl": 1.7, "blk": 0.2}, "202695:1610612759": {"player_id": "202695", "gp": 375, "pts": 18.6, "reb": 6.0, "ast": 2.5, "stl": 2.1, "blk": 0.7}, "2544:1610612748": {"player_id": "2544", "gp": 294, "pts": 26.9, "reb": 7.3, "ast": 6.3, "stl": 1.7, "blk": 0.4}, "1630162:1610612750": {"player_id": "1630162", "gp": 382, "pts": 23.2, "reb": 5.1, "ast": 4.1, "stl": 1.3, "blk": 0.7}, "2544:1610612748:all_time": {"player_id": "2544", "gp": 294, "pts": 26.935374149659864, "reb": 7.568027210884353, "ast": 6.73469387755102, "stl": 1.663265306122449, "blk": 0.6564625850340136}, "202695:1610612759:all_time": {"player_id": "202695", "gp": 398, "pts": 16.35175879396985, "reb": 6.203517587939698, "ast": 2.2688442211055277, "stl": 1.771356783919598, "blk": 0.7035175879396985}, "1630162:1610612750:all_time": {"player_id": "1630162", "gp": 434, "pts": 24.566820276497698, "reb": 5.28110599078341, "ast": 4.135944700460829, "stl": 1.3341013824884793, "blk": 0.6359447004608295}, "203999:1610612743:all_time": {"player_id": "203999", "gp": 792, "pts": 22.166666666666668, "reb": 11.026515151515152, "ast": 7.414141414141414, "stl": 1.2777777777777777, "blk": 0.7234848484848485}, "201939:1610612744:all_time": {"player_id": "201939", "gp": 1060, "pts": 24.85188679245283, "reb": 4.65188679245283, "ast": 6.316981132075472, "stl": 1.5018867924528303, "blk": 0.2632075471698113}, "1630163:1610612766:all_time": {"player_id": "1630163", "gp": 284, "pts": 20.690140845070424, "reb": 5.757042253521127, "ast": 7.387323943661972, "stl": 1.4119718309859155, "blk": 0.30985915492957744}, "203497:1610612762:all_time": {"player_id": "203497", "gp": 611, "pts": 12.425531914893616, "reb": 11.65139116202946, "ast": 1.320785597381342, "stl": 0.67430441898527, "blk": 2.220949263502455}, "201935:1610612745:all_time": {"player_id": "201935", "gp": 649, "pts": 29.35593220338983, "reb": 6.166409861325116, "ast": 7.8659476117103235, "stl": 1.7349768875192604, "blk": 0.6332819722650231}, "893:1610612764:all_time": {"player_id": "893", "gp": 142, "pts": 21.232394366197184, "reb": 5.887323943661972, "ast": 4.373239436619718, "stl": 1.4647887323943662, "blk": 0.45774647887323944}, "297:1610612748:all_time": {"player_id": "297", "gp": 561, "pts": 16.376114081996434, "reb": 8.262032085561497, "ast": 1.1319073083778965, "stl": 0.5294117647058824, "blk": 2.7825311942959003}, "461:1610612764:all_time": {"player_id": "461", "gp": 124, "pts": 5.774193548387097, "reb": 6.435483870967742, "ast": 1.2741935483870968, "stl": 0.5564516129032258, "blk": 0.21774193548387097}, "978:1610612758:all_time": {"player_id": "978", "gp": 340, "pts": 16.74705882352941, "reb": 4.773529411764706, "ast": 1.9352941176470588, "stl": 0.9911764705882353, "blk": 0.13529411764705881}, "708:1610612750:all_time": {"player_id": "708", "gp": 571, "pts": 18.001751313485112, "reb": 9.697022767075307, "ast": 3.89492119089317, "stl": 1.3590192644483363, "blk": 1.6409807355516637}, "76681:1610612755:all_time": {"player_id": "76681", "gp": 390, "pts": 22.61025641025641, "reb": 6.797435897435897, "ast": 3.8153846153846156, "stl": 1.8512820512820514, "blk": 1.7102564102564102}, "201142:1610612751:all_time": {"player_id": "201142", "gp": 129, "pts": 29.023255813953487, "reb": 7.10077519379845, "ast": 5.837209302325581, "stl": 0.813953488372093, "blk": 1.193798449612403}, "203507:1610612749:all_time": {"player_id": "203507", "gp": 492, "pts": 21.21951219512195, "reb": 9.227642276422765, "ast": 4.390243902439025, "stl": 0.983739837398374, "blk": 1.0975609756097562}, "1630169:1610612754:all_time": {"player_id": "1630169", "gp": 176, "pts": 18.613636363636363, "reb": 3.835227272727273, "ast": 9.75, "stl": 1.4772727272727273, "blk": 0.6079545454545454}, "1629627:1610612740:all_time": {"player_id": "1629627", "gp": 114, "pts": 25.79824561403509, "reb": 6.956140350877193, "ast": 3.587719298245614, "stl": 0.9210526315789473, "blk": 0.5614035087719298}, "397:1610612754:all_time": {"player_id": "397", "gp": 1001, "pts": 18.58841158841159, "reb": 3.154845154845155, "ast": 2.991008991008991, "stl": 1.051948051948052, "blk": 0.21678321678321677}, "1629029:1610612742:all_time": {"player_id": "1629029", "gp": 356, "pts": 30.14887640449438, "reb": 8.8061797752809, "ast": 8.705056179775282, "stl": 1.2219101123595506, "blk": 0.4747191011235955}, "252:1610612762:all_time": {"player_id": "252", "gp": 1189, "pts": 25.980656013456688, "reb": 10.112699747687133, "ast": 3.543313708999159, "stl": 1.4137931034482758, "blk": 0.7317073170731707}, "2544:1610612739:all_time": {"player_id": "2544", "gp": 298, "pts": 24.399328859060404, "reb": 6.885906040268456, "ast": 7.167785234899329, "stl": 1.4597315436241611, "blk": 0.6711409395973155}}