{"203999:1610612743": {"player_id": "203999", "gp": 647, "pts": 25.0, "reb": 11.7, "ast": 8.0, "stl": 1.3, "blk": 0.7}, "201939:1610612744": {"player_id": "201939", "gp": 849, "pts": 24.8, "reb": 4.7, "ast": 6.5, "stl": 1.7, "blk": 0.2}, "202695:1610612759": {"player_id": "202695", "gp": 375, "pts": 18.6, "reb": 6.0, "ast": 2.5, "stl": 2.1, "blk": 0.7}, "2544:1610612748": {"player_id": "2544", "gp": 294, "pts": 26.9, "reb": 7.3, "ast": 6.3, "stl": 1.7, "blk": 0.4}, "1630162:1610612750": {"player_id": "1630162", "gp": 382, "pts": 23.2, "reb": 5.1, "ast": 4.1, "stl": 1.3, "blk": 0.7}, "2544:1610612748:all_time": {"player_id": "2544", "gp": 294, "pts": 26.935374149659864, "reb": 7.568027210884353, "ast": 6.73469387755102, "stl": 1.663265306122449, "blk": 0.6564625850340136}, "202695:1610612759:all_time": {"player_id": "202695", "gp": 398, "pts": 16.35175879396985, "reb": 6.203517587939698, "ast": 2.2688442211055277, "stl": 1.771356783919598, "blk": 0.7035175879396985}, "1630162:1610612750:all_time": {"player_id": "1630162", "gp": 434, "pts": 24.566820276497698, "reb": 5.28110599078341, "ast": 4.135944700460829, "stl": 1.3341013824884793, "blk": 0.6359447004608295}, "203999:1610612743:all_time": {"player_id": "203999", "gp": 792, "pts": 22.166666666666668, "reb": 11.026515151515152, "ast": 7.414141414141414, "stl": 1.2777777777777777, "blk": 0.7234848484848485}, "201939:1610612744:all_time": {"player_id": "201939", "gp": 1060, "pts": 24.85188679245283, "reb": 4.65188679245283, "ast": 6.316981132075472, "stl": 1.5018867924528303, "blk": 0.2632075471698113}, "1630163:1610612766:all_time": {"player_id": "1630163", "gp": 284, "pts": 20.690140845070424, "reb": 5.757042253521127, "ast": 7.387323943661972, "stl": 1.4119718309859155, "blk": 0.30985915492957744}, "203497:1610612762:all_time": {"player_id": "203497", "gp": 611, "pts": 12.425531914893616, "reb": 11.65139116202946, "ast": 1.320785597381342, "stl": 0.67430441898527, "blk": 2.220949263502455}, "201935:1610612745:all_time": {"player_id": "201935", "gp": 649, "pts": 29.35593220338983, "reb": 6.166409861325116, "ast": 7.8659476117103235, "stl": 1.7349768875192604, "blk": 0.6332819722650231}, "893:1610612764:all_time": {"player_id": "893", "gp": 142, "pts": 21.232394366197184, "reb": 5.887323943661972, "ast": 4.373239436619718, "stl": 1.4647887323943662, "blk": 0.45774647887323944}, "297:1610612748:all_time": {"player_id": "297", "gp": 561, "pts": 16.376114081996434, "reb": 8.262032085561497, "ast": 1.1319073083778965, "stl": 0.5294117647058824, "blk": 2.7825311942959003}, "461:1610612764:all_time": {"player_id": "461", "gp": 124, "pts": 5.774193548387097, "reb": 6.435483870967742, "ast": 1.2741935483870968, "stl": 0.5564516129032258, "blk": 0.21774193548387097}, "978:1610612758:all_time": {"player_id": "978", "gp": 340, "pts": 16.74705882352941, "reb": 4.773529411764706, "ast": 1.9352941176470588, "stl": 0.9911764705882353, "blk": 0.13529411764705881}, "708:1610612750:all_time": {"player_id": "708", "gp": 571, "pts": 18.001751313485112, "reb": 9.697022767075307, "ast": 3.89492119089317, "stl": 1.3590192644483363, "blk": 1.6409807355516637}, "76681:1610612755:all_time": {"player_id": "76681", "gp": 390, "pts": 22.61025641025641, "reb": 6.797435897435897, "ast": 3.8153846153846156, "stl": 1.8512820512820514, "blk": 1.7102564102564102}, "201142:1610612751:all_time": {"player_id": "201142", "gp": 129, "pts": 29.023255813953487, "reb": 7.10077519379845, "ast": 5.837209302325581, "stl": 0.813953488372093, "blk": 1.193798449612403}, "203507:1610612749:all_time": {"player_id": "203507", "gp": 492, "pts": 21.21951219512195, "reb": 9.227642276422765, "ast": 4.390243902439025, "stl": 0.983739837398374, "blk": 1.0975609756097562}, "1630169:1610612754:all_time": {"player_id": "1630169", "gp": 176, "pts": 18.613636363636363, "reb": 3.835227272727273, "ast": 9.75, "stl": 1.4772727272727273, "blk": 0.6079545454545454}, "1629627:1610612740:all_time": {"player_id": "1629627", "gp": 114, "pts": 25.79824561403509, "reb": 6.956140350877193, "ast": 3.587719298245614, "stl": 0.9210526315789473, "blk": 0.5614035087719298}, "397:1610612754:all_time": {"player_id": "397", "gp": 1001, "pts": 18.58841158841159, "reb": 3.154845154845155, "ast": 2.991008991008991, "stl": 1.051948051948052, "blk": 0.21678321678321677}, "1629029:1610612742:all_time": {"player_id": "1629029", "gp": 356, "pts": 30.14887640449438, "reb": 8.8061797752809, "ast": 8.705056179775282, "stl": 1.2219101123595506, "blk": 0.4747191011235955}, "252:1610612762:all_time": {"player_id": "252", "gp": 1189, "pts": 25.980656013456688, "reb": 10.112699747687133, "ast": 3.543313708999159, "stl": 1.4137931034482758, "blk": 0.7317073170731707}, "2544:1610612739:all_time": {"player_id": "2544", "gp": 298, "pts": 24.399328859060404, "reb": 6.885906040268456, "ast": 7.167785234899329, "stl": 1.4597315436241611, "blk": 0.6711409395973155}, "680:1610612739:all_time": {"player_id": "680", "gp": 28, "pts": 2.75, "reb": 1.8571428571428572, "ast": 0.32142857142857145, "stl": 0.21428571428571427, "blk": 0.39285714285714285}, "201936:1610612758:all_time": {"player_id": "201936", "gp": 283, "pts": 16.72791519434629, "reb": 4.6537102473498235, "ast": 4.720848056537102, "stl": 1.3816254416961131, "blk": 0.4098939929328622}, "1533:1610612754:all_time": {"player_id": "1533", "gp": 211, "pts": 7.928909952606635, "reb": 2.2606635071090047, "ast": 3.924170616113744, "stl": 0.8815165876777251, "blk": 0.2132701421800948}, "203076:1610612740:all_time": {"player_id": "203076", "gp": 466, "pts": 23.73175965665236, "reb": 10.527896995708154, "ast": 2.107296137339056, "stl": 1.371244635193133, "blk": 2.4055793991416308}, "1938:1610612759:all_time": {"player_id": "1938", "gp": 1057, "pts": 13.285714285714286, "reb": 3.4976348155156103, "ast": 3.7852412488174076, "stl": 1.316934720908231, "blk": 0.30179754020813626}, "1642849:1610612751:all_time": {"player_id": "1642849", "gp": 40, "pts": 8.4, "reb": 1.625, "ast": 3.725, "stl": 0.675, "blk": 0.325}, "2744:1610612738:all_time": {"player_id": "2744", "gp": 199, "pts": 10.28140703517588, "reb": 6.869346733668341, "ast": 0.7135678391959799, "stl": 0.5025125628140703, "blk": 1.0402010050251256}, "202686:1610612764:all_time": {"player_id": "202686", "gp": 141, "pts": 3.524822695035461, "reb": 3.4326241134751774, "ast": 0.6028368794326241, "stl": 0.5673758865248227, "blk": 0.48226950354609927}, "203648:1610612749:all_time": {"player_id": "203648", "gp": 220, "pts": 2.286363636363636, "reb": 1.459090909090909, "ast": 0.5363636363636364, "stl": 0.2863636363636364, "blk": 0.1590909090909091}, "2207:1610612737:all_time": {"player_id": "2207", "gp": 426, "pts": 21.016431924882628, "reb": 4.265258215962441, "ast": 4.969483568075117, "stl": 0.9507042253521126, "blk": 0.17136150234741784}, "2405:1610612756:all_time": {"player_id": "2405", "gp": 513, "pts": 21.460038986354775, "reb": 8.961013645224172, "ast": 1.3157894736842106, "stl": 0.8693957115009746, "blk": 1.4015594541910332}, "101108:1610612746:all_time": {"player_id": "101108", "gp": 409, "pts": 18.762836185819072, "reb": 4.237163814180929, "ast": 9.836185819070904, "stl": 2.2053789731051343, "blk": 0.13202933985330073}, "201933:1610612746:all_time": {"player_id": "201933", "gp": 471, "pts": 21.479830148619957, "reb": 9.392781316348195, "ast": 4.148619957537155, "stl": 0.9639065817409767, "blk": 0.5690021231422505}, "203187:1610612740:all_time": {"player_id": "203187", "gp": 20, "pts": 1.6, "reb": 0.9, "ast": 0.05, "stl": 0.05, "blk": 0.4}, "1884:1610612752:all_time": {"player_id": "1884", "gp": 29, "pts": 6.137931034482759, "reb": 1.9310344827586208, "ast": 4.655172413793103, "stl": 1.1724137931034482, "blk": 0.10344827586206896}, "2570:1610612760:all_time": {"player_id": "2570", "gp": 256, "pts": 4.1875, "reb": 5.765625, "ast": 1.16796875, "stl": 0.421875, "blk": 0.8828125}, "1449:1610612738:all_time": {"player_id": "1449", "gp": 809, "pts": 24.635352286773795, "reb": 9.993819530284302,